KevinIglesias.SpineProxy	2488bdfd34e0984428eabbaffcee7c34	-706966413
Mismo.Presentation.Environment.GrovePreviewEnvironment	2488bdfd34e0984428eabbaffcee7c34	789040488
Lofelt.NiceVibrations.HapticReceiver	9102ebae26f55b04db2011cd584a40c5	-2035086825
Lofelt.NiceVibrations.HapticClip	9102ebae26f55b04db2011cd584a40c5	-457890719
Lofelt.NiceVibrations.HapticSource	9102ebae26f55b04db2011cd584a40c5	1313417571
MusicController	24272ebfe6296ed4699e55ab1bc5d7da	1938863433
GameSoundCatalog	24272ebfe6296ed4699e55ab1bc5d7da	-609431152
UISoundFeedback	24272ebfe6296ed4699e55ab1bc5d7da	806686100
AudioRuntime	24272ebfe6296ed4699e55ab1bc5d7da	-1639964954
VolumeSettings	24272ebfe6296ed4699e55ab1bc5d7da	1934158924
AudioManager	24272ebfe6296ed4699e55ab1bc5d7da	-1096071091
Mismo.Core.RuntimeAssetCatalog	79787b70658e9e24ba42faa66da19a37	1446394278
Mismo.Gameplay.Enemies.DragonBossSettings	aff2c47d5d3e9e845ac77d372ec487dd	333290050
Mismo.Gameplay.Enemies.GoblinEliteVisual	aff2c47d5d3e9e845ac77d372ec487dd	-1435518372
Mismo.Gameplay.Enemies.DragonBossController	aff2c47d5d3e9e845ac77d372ec487dd	2007341167
Mismo.Gameplay.Enemies.EnemyController	aff2c47d5d3e9e845ac77d372ec487dd	-1043982809
Mismo.Gameplay.Enemies.GoblinAnimationDriver	aff2c47d5d3e9e845ac77d372ec487dd	1254605325
Mismo.Gameplay.Enemies.BossAnimationDriver	aff2c47d5d3e9e845ac77d372ec487dd	-2145325737
Mismo.Gameplay.Enemies.BossController	aff2c47d5d3e9e845ac77d372ec487dd	-799282945
Mismo.Gameplay.Enemies.GoblinPresentation	aff2c47d5d3e9e845ac77d372ec487dd	1925415768
Mismo.Gameplay.Enemies.BossArenaHUD	aff2c47d5d3e9e845ac77d372ec487dd	1533549270
Mismo.Gameplay.Enemies.BossSettings	aff2c47d5d3e9e845ac77d372ec487dd	-1944295396
Mismo.Gameplay.Enemies.EnemySettings	aff2c47d5d3e9e845ac77d372ec487dd	1589799085
Mismo.Gameplay.Enemies.EnemyEquipment	aff2c47d5d3e9e845ac77d372ec487dd	1951846305
Mismo.Gameplay.Enemies.CreatureController	aff2c47d5d3e9e845ac77d372ec487dd	-964465156
Mismo.Gameplay.Enemies.CreatureAnimationDriver	aff2c47d5d3e9e845ac77d372ec487dd	285946435
Mismo.Gameplay.Enemies.EnemyProgressionReward	aff2c47d5d3e9e845ac77d372ec487dd	-1975524826
Mismo.Gameplay.Enemies.HumanoidEnemyController	aff2c47d5d3e9e845ac77d372ec487dd	1003224028
Mismo.Gameplay.Enemies.BossEncounter	aff2c47d5d3e9e845ac77d372ec487dd	-1967442577
Mismo.Gameplay.Enemies.GoblinController	aff2c47d5d3e9e845ac77d372ec487dd	-1676424551
Mismo.Gameplay.Enemies.GoblinNavigation	aff2c47d5d3e9e845ac77d372ec487dd	1586667681
Mismo.Gameplay.Enemies.BossPresentation	aff2c47d5d3e9e845ac77d372ec487dd	616443225
Mismo.Gameplay.Enemies.GoblinSettings	aff2c47d5d3e9e845ac77d372ec487dd	-461903175
Mismo.Gameplay.Enemies.GoblinArenaHUD	aff2c47d5d3e9e845ac77d372ec487dd	-304077596
Mismo.Gameplay.Enemies.GoblinVisualStyle	aff2c47d5d3e9e845ac77d372ec487dd	2104689857
Mismo.Gameplay.Enemies.DragonBreathVfx	aff2c47d5d3e9e845ac77d372ec487dd	130645456
Mismo.Gameplay.Enemies.CombatPresentationCapture	aff2c47d5d3e9e845ac77d372ec487dd	771269469
Mismo.Gameplay.Enemies.GoblinHitReaction	aff2c47d5d3e9e845ac77d372ec487dd	896239915
Mismo.Gameplay.Enemies.EnemyNameplate	aff2c47d5d3e9e845ac77d372ec487dd	-1092583623
Mismo.Gameplay.Enemies.CreatureSettings	aff2c47d5d3e9e845ac77d372ec487dd	1567384334
Mismo.Gameplay.Enemies.ImpController	aff2c47d5d3e9e845ac77d372ec487dd	651304382
Mismo.Gameplay.Player.World.ExplorationWorldSettings	7e099da73aa4b4846b0aa78b12ad0625	2075349191
Mismo.Gameplay.Combat.SwordLunge	7e099da73aa4b4846b0aa78b12ad0625	1272863965
Mismo.Gameplay.Player.World.HarvestFall	7e099da73aa4b4846b0aa78b12ad0625	-772359041
Mismo.Gameplay.Player.World.ResourceNodeDefinition	7e099da73aa4b4846b0aa78b12ad0625	-301596874
Mismo.Gameplay.Voxels.VoxelRuntimePanel	7e099da73aa4b4846b0aa78b12ad0625	-2091404182
Mismo.Gameplay.Combat.DefenseWindow	7e099da73aa4b4846b0aa78b12ad0625	-436129590
Mismo.Gameplay.Player.Presentation.CombatFeedbackProfile	7e099da73aa4b4846b0aa78b12ad0625	-426251414
Mismo.Gameplay.Player.Presentation.WeaponTrailPresentation	7e099da73aa4b4846b0aa78b12ad0625	396026828
Mismo.Gameplay.Player.Presentation.DemoIntroduction	7e099da73aa4b4846b0aa78b12ad0625	-39357935
Mismo.Gameplay.Player.Dash.BeltDash	7e099da73aa4b4846b0aa78b12ad0625	955840659
Mismo.Gameplay.Player.Equipment.FallingArrowVisual	7e099da73aa4b4846b0aa78b12ad0625	1212667833
Mismo.Gameplay.Voxels.VoxelRuntimeCustomizer	7e099da73aa4b4846b0aa78b12ad0625	972922685
Mismo.Gameplay.Player.Quests.NpcGrounding	7e099da73aa4b4846b0aa78b12ad0625	-412721142
Mismo.Gameplay.Player.Presentation.PlayerInteraction	7e099da73aa4b4846b0aa78b12ad0625	-1879918393
Mismo.Gameplay.Player.World.SecretRewardPickup	7e099da73aa4b4846b0aa78b12ad0625	1254711685
Mismo.Gameplay.Player.World.WorldIntroductionNarrator	7e099da73aa4b4846b0aa78b12ad0625	-1778202465
Mismo.Gameplay.Player.Movement.Stamina	7e099da73aa4b4846b0aa78b12ad0625	-1202378725
Mismo.Gameplay.Player.Presentation.PlayerAnimationMotion	7e099da73aa4b4846b0aa78b12ad0625	-312507126
Mismo.Gameplay.Player.World.Structures.StructureContentPoint	7e099da73aa4b4846b0aa78b12ad0625	2020676557
Mismo.Gameplay.Player.Presentation.SwordAnimationFeedback	7e099da73aa4b4846b0aa78b12ad0625	1236433989
Mismo.Gameplay.Player.World.Structures.StructureInstance	7e099da73aa4b4846b0aa78b12ad0625	-71371025
Mismo.Gameplay.Player.World.Structures.StructurePlayground	7e099da73aa4b4846b0aa78b12ad0625	-7612207
Mismo.Gameplay.Player.Equipment.EquipmentLoadout	7e099da73aa4b4846b0aa78b12ad0625	52412472
Mismo.Gameplay.Player.Equipment.AbilityRunner	7e099da73aa4b4846b0aa78b12ad0625	385429726
Mismo.Gameplay.Player.Equipment.WeaponFamilyDefinition	7e099da73aa4b4846b0aa78b12ad0625	411193444
Mismo.Gameplay.Player.World.GatheringNode	7e099da73aa4b4846b0aa78b12ad0625	-1478130123
Mismo.Gameplay.Player.Presentation.TutorialTrigger	7e099da73aa4b4846b0aa78b12ad0625	-656550061
Mismo.Gameplay.Player.Equipment.BucklerPickup	7e099da73aa4b4846b0aa78b12ad0625	-1163570754
Mismo.Gameplay.Player.Camera.ThirdPersonCamera	7e099da73aa4b4846b0aa78b12ad0625	-2030438336
Mismo.Gameplay.Player.World.CreatureSpecies	7e099da73aa4b4846b0aa78b12ad0625	403421022
Mismo.Gameplay.Player.Equipment.Inventory.InventoryWorldAccess	7e099da73aa4b4846b0aa78b12ad0625	-1226709109
Mismo.Gameplay.Combat.CombatAilment	7e099da73aa4b4846b0aa78b12ad0625	727459607
Mismo.Gameplay.Player.World.WorldIntroductionDefinition	7e099da73aa4b4846b0aa78b12ad0625	499842558
Mismo.Gameplay.Player.Presentation.WorldMapPanel	7e099da73aa4b4846b0aa78b12ad0625	1690037987
Mismo.Gameplay.Player.Presentation.PlayerMusic	7e099da73aa4b4846b0aa78b12ad0625	-51905374
Mismo.Gameplay.Player.World.BestiaryBook	7e099da73aa4b4846b0aa78b12ad0625	248200806
Mismo.Gameplay.Player.Equipment.Inventory.ItemCatalog	7e099da73aa4b4846b0aa78b12ad0625	1443596646
Mismo.Gameplay.Player.Presentation.MovementFeedback	7e099da73aa4b4846b0aa78b12ad0625	-1384469113
Mismo.Gameplay.Combat.DamageReceiver	7e099da73aa4b4846b0aa78b12ad0625	-366844922
Mismo.Gameplay.Player.Equipment.Inventory.InventoryPanel	7e099da73aa4b4846b0aa78b12ad0625	217381467
Mismo.Gameplay.Player.World.WorldBiomeContent	7e099da73aa4b4846b0aa78b12ad0625	-1438449956
Mismo.Gameplay.Player.Quests.VillageNpcRoutine	7e099da73aa4b4846b0aa78b12ad0625	-389755558
Mismo.Gameplay.Player.Presentation.PlayerHUD	7e099da73aa4b4846b0aa78b12ad0625	2051938114
Mismo.Gameplay.Player.Equipment.Inventory.MaterialDefinition	7e099da73aa4b4846b0aa78b12ad0625	1550250814
Mismo.Gameplay.Player.Input.PlayerInputReader	7e099da73aa4b4846b0aa78b12ad0625	1743461425
Mismo.Gameplay.Player.Presentation.ActorCombatVisuals	7e099da73aa4b4846b0aa78b12ad0625	-1817306194
Mismo.Gameplay.Combat.CombatTimeFeedback	7e099da73aa4b4846b0aa78b12ad0625	-407887517
Mismo.Gameplay.Player.World.ResourceImpactPalette	7e099da73aa4b4846b0aa78b12ad0625	1643651673
Mismo.Gameplay.Player.World.DayNightCycle	7e099da73aa4b4846b0aa78b12ad0625	149107367
Mismo.Gameplay.Player.Presentation.CombatFeedback	7e099da73aa4b4846b0aa78b12ad0625	937480337
Mismo.Gameplay.Player.World.CraftingRecipe	7e099da73aa4b4846b0aa78b12ad0625	-993695765
Mismo.Gameplay.Player.World.DayNightSettings	7e099da73aa4b4846b0aa78b12ad0625	1420744802
Mismo.Gameplay.Player.Equipment.WeaponSkillEffects	7e099da73aa4b4846b0aa78b12ad0625	-1251562528
Mismo.Gameplay.Player.Quests.QuestDefinition	7e099da73aa4b4846b0aa78b12ad0625	-795085770
Mismo.Gameplay.Player.Presentation.WindowsBuildSmoke	7e099da73aa4b4846b0aa78b12ad0625	-506318927
Mismo.Gameplay.Player.Presentation.PlayerAnimationDriver	7e099da73aa4b4846b0aa78b12ad0625	1120994779
Mismo.Gameplay.Player.Presentation.StandaloneBuildCheck	7e099da73aa4b4846b0aa78b12ad0625	716586979
Mismo.Gameplay.Combat.DeathHandler	7e099da73aa4b4846b0aa78b12ad0625	1715426007
Mismo.Gameplay.Player.PlayerController	7e099da73aa4b4846b0aa78b12ad0625	1752578916
Mismo.Gameplay.Player.Equipment.GroundDamagePool	7e099da73aa4b4846b0aa78b12ad0625	1425218133
Mismo.Gameplay.Player.World.WorldWaterSurface	7e099da73aa4b4846b0aa78b12ad0625	-1536044674
Mismo.Gameplay.Player.Presentation.CombatFeelPlayer	7e099da73aa4b4846b0aa78b12ad0625	42303639
Mismo.Gameplay.Player.Quests.QuestInteraction	7e099da73aa4b4846b0aa78b12ad0625	621776397
Mismo.Gameplay.Player.Presentation.MovementDebugView	7e099da73aa4b4846b0aa78b12ad0625	-376921139
Mismo.Gameplay.Player.World.LootMarker	7e099da73aa4b4846b0aa78b12ad0625	152904565
Mismo.Gameplay.Player.Equipment.HunterTrap	7e099da73aa4b4846b0aa78b12ad0625	-1232976899
Mismo.Gameplay.Player.Dash.DashBehaviour	7e099da73aa4b4846b0aa78b12ad0625	2110435546
Mismo.Gameplay.Player.World.VegetationMotionWorld	7e099da73aa4b4846b0aa78b12ad0625	193811254
Mismo.Gameplay.Player.Presentation.RecipeUITheme	7e099da73aa4b4846b0aa78b12ad0625	-487146173
Mismo.Gameplay.Player.Presentation.PixelUIBuildCheck	7e099da73aa4b4846b0aa78b12ad0625	-880124069
Mismo.Gameplay.Player.Presentation.TutorialSequence	7e099da73aa4b4846b0aa78b12ad0625	-978770550
Mismo.Gameplay.Player.Presentation.CombatImpactPool	7e099da73aa4b4846b0aa78b12ad0625	1157139707
Mismo.Gameplay.Player.World.Structures.StructureChest	7e099da73aa4b4846b0aa78b12ad0625	2145533798
Mismo.Gameplay.Player.World.ExplorationChunks	7e099da73aa4b4846b0aa78b12ad0625	-522509517
Mismo.Gameplay.Combat.AttackHitbox	7e099da73aa4b4846b0aa78b12ad0625	-1601153617
Mismo.Gameplay.Player.World.ResourceChips	7e099da73aa4b4846b0aa78b12ad0625	-746033090
Mismo.Gameplay.Combat.DamageDealer	7e099da73aa4b4846b0aa78b12ad0625	-92537142
Mismo.Gameplay.Combat.TrainingDummy	7e099da73aa4b4846b0aa78b12ad0625	915308608
Mismo.Gameplay.Player.World.WorldCheckpoint	7e099da73aa4b4846b0aa78b12ad0625	-372259783
Mismo.Gameplay.Player.Presentation.WeaponVfxSocket	7e099da73aa4b4846b0aa78b12ad0625	1424893230
Mismo.Gameplay.Player.Quests.QuestSignalTrigger	7e099da73aa4b4846b0aa78b12ad0625	1912795826
Mismo.Gameplay.Player.World.GatheringPlayer	7e099da73aa4b4846b0aa78b12ad0625	1531978166
Mismo.Gameplay.Player.World.WorldContentCatalog	7e099da73aa4b4846b0aa78b12ad0625	1659017783
Mismo.Gameplay.Player.Voxels.VoxelRigInstance	7e099da73aa4b4846b0aa78b12ad0625	-1791286002
Mismo.Gameplay.Combat.SwordParry	7e099da73aa4b4846b0aa78b12ad0625	-850820708
Mismo.Gameplay.Combat.SwordSpinAttack	7e099da73aa4b4846b0aa78b12ad0625	-294748783
Mismo.Gameplay.Player.Quests.CompassAltar	7e099da73aa4b4846b0aa78b12ad0625	2010127398
Mismo.Gameplay.Player.Movement.StaminaSettings	7e099da73aa4b4846b0aa78b12ad0625	266535527
Mismo.Gameplay.Player.Equipment.AbilityDefinition	7e099da73aa4b4846b0aa78b12ad0625	1263176830
Mismo.Gameplay.Player.World.Structures.StructureDefinition	7e099da73aa4b4846b0aa78b12ad0625	-1552142228
Mismo.Gameplay.Player.Equipment.Inventory.PlayerInventory	7e099da73aa4b4846b0aa78b12ad0625	-1712241599
Mismo.Gameplay.Player.World.RegionRespawn	7e099da73aa4b4846b0aa78b12ad0625	670664806
Mismo.Gameplay.Player.Quests.VillageNpcIdle	7e099da73aa4b4846b0aa78b12ad0625	-1426228460
Mismo.Gameplay.Player.Equipment.WeaponDefinition	7e099da73aa4b4846b0aa78b12ad0625	-1238539240
Mismo.Gameplay.Player.World.FiniteWorldHorizon	7e099da73aa4b4846b0aa78b12ad0625	99464179
Mismo.Gameplay.Player.Movement.TreeClimbing	7e099da73aa4b4846b0aa78b12ad0625	1755136233
Mismo.Gameplay.Combat.CombatRules	7e099da73aa4b4846b0aa78b12ad0625	2138565441
Mismo.Gameplay.Player.Movement.MovementSettings	7e099da73aa4b4846b0aa78b12ad0625	1076285341
Mismo.Gameplay.Player.Equipment.Inventory.InventoryUIIcons	7e099da73aa4b4846b0aa78b12ad0625	-1995265429
Mismo.Gameplay.Player.Quests.CompassStone	7e099da73aa4b4846b0aa78b12ad0625	1792199697
Mismo.Gameplay.Player.Quests.QuestCatalog	7e099da73aa4b4846b0aa78b12ad0625	-1223129964
Mismo.Gameplay.Player.Presentation.PlayerLocomotionLean	7e099da73aa4b4846b0aa78b12ad0625	1249052726
Mismo.Gameplay.Player.Dash.SpecialAbilityDefinition	7e099da73aa4b4846b0aa78b12ad0625	1658327721
Mismo.Gameplay.Player.Presentation.WeaponAbilityVfx	7e099da73aa4b4846b0aa78b12ad0625	-1308130627
Mismo.Gameplay.Player.Equipment.Inventory.InventorySettings	7e099da73aa4b4846b0aa78b12ad0625	-548336952
Mismo.Gameplay.Combat.CombatState	7e099da73aa4b4846b0aa78b12ad0625	-614073201
Mismo.Gameplay.Player.Presentation.WorldSurfaceFeedback	7e099da73aa4b4846b0aa78b12ad0625	-510452653
Mismo.Gameplay.Player.Presentation.MapMarkerCatalog	7e099da73aa4b4846b0aa78b12ad0625	103216322
Mismo.Gameplay.Player.World.WorldEnemyIdentity	7e099da73aa4b4846b0aa78b12ad0625	-801780517
Mismo.Gameplay.Player.Presentation.WeaponAnimationSet	7e099da73aa4b4846b0aa78b12ad0625	-769661127
Mismo.Gameplay.Player.World.GatheringArrival	7e099da73aa4b4846b0aa78b12ad0625	1705861048
Mismo.Gameplay.Player.Presentation.TutorialGuide	7e099da73aa4b4846b0aa78b12ad0625	-1008682673
Mismo.Gameplay.Player.World.ClimbableTree	7e099da73aa4b4846b0aa78b12ad0625	1339039527
Mismo.Gameplay.Player.Quests.QuestGiver	7e099da73aa4b4846b0aa78b12ad0625	-902433512
Mismo.Gameplay.Player.World.CraftingStation	7e099da73aa4b4846b0aa78b12ad0625	-52199157
Mismo.Gameplay.Combat.BasicSwordCombo	7e099da73aa4b4846b0aa78b12ad0625	-115968982
Mismo.Gameplay.Player.Presentation.AdventureFeedback	7e099da73aa4b4846b0aa78b12ad0625	2038642962
Mismo.Gameplay.Combat.Invulnerability	7e099da73aa4b4846b0aa78b12ad0625	760858480
Mismo.Gameplay.Player.World.GatheringSettings	7e099da73aa4b4846b0aa78b12ad0625	1389782328
Mismo.Gameplay.Player.Quests.VillageNpcSettings	7e099da73aa4b4846b0aa78b12ad0625	-852863401
Mismo.Gameplay.Player.World.GeneratedWorldMesh	7e099da73aa4b4846b0aa78b12ad0625	-36730489
Mismo.Gameplay.Player.World.GroveWorldStyle	7e099da73aa4b4846b0aa78b12ad0625	-234261481
Mismo.Gameplay.Player.Equipment.ProjectileInstance	7e099da73aa4b4846b0aa78b12ad0625	1537361873
Mismo.Gameplay.Player.World.Structures.StructureReward	7e099da73aa4b4846b0aa78b12ad0625	695468265
Mismo.Gameplay.Player.Equipment.Inventory.MaterialLootTable	7e099da73aa4b4846b0aa78b12ad0625	-684899829
Mismo.Gameplay.Player.Presentation.DamageNumbers	7e099da73aa4b4846b0aa78b12ad0625	-230780037
Mismo.Gameplay.Player.World.VegetationMotionBinding	7e099da73aa4b4846b0aa78b12ad0625	1052114632
Mismo.Gameplay.Combat.Health	7e099da73aa4b4846b0aa78b12ad0625	-1495161794
Mismo.Gameplay.Player.Presentation.DeathMaterialCleanup	7e099da73aa4b4846b0aa78b12ad0625	-1277451250
Mismo.Gameplay.Player.World.CompanionPlayer	7e099da73aa4b4846b0aa78b12ad0625	1624839055
Mismo.Gameplay.Player.Dash.BasicDashBehaviour	7e099da73aa4b4846b0aa78b12ad0625	-230631861
Mismo.Gameplay.Player.Equipment.AreaInstance	7e099da73aa4b4846b0aa78b12ad0625	978251935
Mismo.Gameplay.Combat.PlayerCombatLife	7e099da73aa4b4846b0aa78b12ad0625	1630905603
Mismo.Gameplay.Player.Equipment.Inventory.ProgressionRules	7e099da73aa4b4846b0aa78b12ad0625	-697700418
Mismo.Gameplay.Player.World.RiderPose	7e099da73aa4b4846b0aa78b12ad0625	-906649932
Mismo.Gameplay.Player.Equipment.Inventory.ConsumableHealing	7e099da73aa4b4846b0aa78b12ad0625	-1515130479
Mismo.Gameplay.Player.Dash.DashSettings	7e099da73aa4b4846b0aa78b12ad0625	1340620315
Mismo.Gameplay.Player.Equipment.WeaponPresentation	7e099da73aa4b4846b0aa78b12ad0625	1113068940
Mismo.Gameplay.Player.World.WorldIntroduction	7e099da73aa4b4846b0aa78b12ad0625	-2021524544
Mismo.Gameplay.Voxels.VoxelModelAsset	7e099da73aa4b4846b0aa78b12ad0625	1269884449
Mismo.Gameplay.Player.Movement.PlayerMotor	7e099da73aa4b4846b0aa78b12ad0625	149451344
Mismo.Gameplay.Player.Equipment.EquippedWeapon	7e099da73aa4b4846b0aa78b12ad0625	-1466933220
Mismo.Gameplay.Player.Equipment.WeaponSetDefinition	7e099da73aa4b4846b0aa78b12ad0625	1969733538
Mismo.Gameplay.Player.PlayerCheats	7e099da73aa4b4846b0aa78b12ad0625	480854687
Mismo.Gameplay.Player.Quests.QuestNpcDefinition	7e099da73aa4b4846b0aa78b12ad0625	895850215
Mismo.Gameplay.Player.Equipment.WeaponPoseProfile	7e099da73aa4b4846b0aa78b12ad0625	-600867890
Mismo.Gameplay.Voxels.VoxelModelInstance	7e099da73aa4b4846b0aa78b12ad0625	752456815
Mismo.Gameplay.Player.Quests.QuestInteractable	7e099da73aa4b4846b0aa78b12ad0625	-987663438
Mismo.Gameplay.Player.World.WeaponRewardPickup	7e099da73aa4b4846b0aa78b12ad0625	1533886892
MoreMountains.Tools.MMRandomInstantiator	bad36837645e08c4d8b84bf0311e2ecf	-513685467
MoreMountains.Tools.MMPreventPassingThrough2D	bad36837645e08c4d8b84bf0311e2ecf	261183936
MoreMountains.Tools.MMPersistentHumbleSingleton`1	bad36837645e08c4d8b84bf0311e2ecf	246421643
MoreMountains.Feedbacks.MMSpringColorAdjustmentsHueShift_URP	bad36837645e08c4d8b84bf0311e2ecf	-1990519898
MoreMountains.Feedbacks.MMChannel	bad36837645e08c4d8b84bf0311e2ecf	-1956446103
MoreMountains.Tools.MMDelayParticles	bad36837645e08c4d8b84bf0311e2ecf	-1582737902
MoreMountains.Tools.MMPanningTexture	bad36837645e08c4d8b84bf0311e2ecf	1979040324
MoreMountains.Tools.MMRagdoller	bad36837645e08c4d8b84bf0311e2ecf	-1347858543
MoreMountains.Tools.MMSceneName	bad36837645e08c4d8b84bf0311e2ecf	-1582069020
MoreMountains.Feedbacks.MMLight2DShaker_URP	bad36837645e08c4d8b84bf0311e2ecf	-398566637
MoreMountains.Tools.MMLineRendererCircle	bad36837645e08c4d8b84bf0311e2ecf	75381201
MoreMountains.Feedbacks.MMCameraOrthographicSizeShaker	bad36837645e08c4d8b84bf0311e2ecf	978451053
MoreMountains.Tools.MMCameraFog	bad36837645e08c4d8b84bf0311e2ecf	711181232
MoreMountains.Tools.MMDebugTouchDisplay	bad36837645e08c4d8b84bf0311e2ecf	-1610200809
MoreMountains.Feedbacks.MMF_PlayerEnabler	bad36837645e08c4d8b84bf0311e2ecf	219109999
MoreMountains.Tools.MMSoundManagerSettingsSO	bad36837645e08c4d8b84bf0311e2ecf	-617404383
MoreMountains.FeedbacksForThirdParty.MMCinemachineHelpers	bad36837645e08c4d8b84bf0311e2ecf	352164923
MoreMountains.Feedbacks.MMAudioSourceVolumeShaker	bad36837645e08c4d8b84bf0311e2ecf	268860109
MoreMountains.Feedbacks.MMSpringColorAdjustmentsSaturation_URP	bad36837645e08c4d8b84bf0311e2ecf	1232244405
MoreMountains.Tools.MMDebugMenu	bad36837645e08c4d8b84bf0311e2ecf	-883446683
MoreMountains.Tools.MMTransformRandomizer	bad36837645e08c4d8b84bf0311e2ecf	-795581294
MoreMountains.FeedbacksForThirdParty.MMAutoFocus	bad36837645e08c4d8b84bf0311e2ecf	-1882988377
MoreMountains.Tools.MMSimpleObjectPooler	bad36837645e08c4d8b84bf0311e2ecf	-190719588
MoreMountains.Feedbacks.MMMiniPoolableObject	bad36837645e08c4d8b84bf0311e2ecf	978961931
MoreMountains.Feedbacks.MMMiniObjectPooler	bad36837645e08c4d8b84bf0311e2ecf	1696302090
MoreMountains.Tools.MMReferencedScriptableObject`1	bad36837645e08c4d8b84bf0311e2ecf	1218165327
MoreMountains.Feedbacks.MMSpringTMPTextColor	bad36837645e08c4d8b84bf0311e2ecf	1012973086
MoreMountains.Tools.MMTilemap	bad36837645e08c4d8b84bf0311e2ecf	-243016440
MoreMountains.Feedbacks.MMSpringTMPWordSpacing	bad36837645e08c4d8b84bf0311e2ecf	141324214
MoreMountains.Tools.MMTween	bad36837645e08c4d8b84bf0311e2ecf	-2116144985
MoreMountains.Feedbacks.MMSpringColorAdjustmentsContrast_URP	bad36837645e08c4d8b84bf0311e2ecf	-1958823186
MoreMountains.FeedbacksForThirdParty.MMColorGradingShaker	bad36837645e08c4d8b84bf0311e2ecf	-1861341539
MoreMountains.Feedbacks.MMAudioSourceStereoPanShaker	bad36837645e08c4d8b84bf0311e2ecf	-958929515
MoreMountains.Feedbacks.MMLightShaker	bad36837645e08c4d8b84bf0311e2ecf	250786443
MoreMountains.Feedbacks.MMTimeManager	bad36837645e08c4d8b84bf0311e2ecf	858462314
MoreMountains.Feedbacks.MMSpringChromaticAberrationIntensity_URP	bad36837645e08c4d8b84bf0311e2ecf	1271153141
MoreMountains.Tools.MMRaycastTarget	bad36837645e08c4d8b84bf0311e2ecf	-56473550
MoreMountains.Feedbacks.MMSpringLensDistortionIntensity	bad36837645e08c4d8b84bf0311e2ecf	-1527270127
MoreMountains.Feedbacks.MMSpringColorGradingHueShift	bad36837645e08c4d8b84bf0311e2ecf	-292347841
MoreMountains.FeedbacksForThirdParty.MMLensDistortionShaker_URP	bad36837645e08c4d8b84bf0311e2ecf	1023727062
MoreMountains.Feedbacks.MMAudioFilterHighPassShaker	bad36837645e08c4d8b84bf0311e2ecf	-988080537
MoreMountains.Feedbacks.MMSpringAnimatorSpeed	bad36837645e08c4d8b84bf0311e2ecf	1759777757
MoreMountains.Tools.MMFollowTarget	bad36837645e08c4d8b84bf0311e2ecf	1210882450
MoreMountains.Tools.MMDebugMenuDebugTab	bad36837645e08c4d8b84bf0311e2ecf	-1684557585
MoreMountains.Tools.MMAutoOrderInLayer	bad36837645e08c4d8b84bf0311e2ecf	1709031743
MoreMountains.Tools.MMObjectBounds	bad36837645e08c4d8b84bf0311e2ecf	1071054692
MoreMountains.FeedbacksForThirdParty.MMVignetteShaker_HDRP	bad36837645e08c4d8b84bf0311e2ecf	-1863199582
MoreMountains.Tools.MMGameEventListener	bad36837645e08c4d8b84bf0311e2ecf	347978755
MoreMountains.FeedbacksForThirdParty.MMGlobalPostProcessingVolumeAutoBlend_URP	bad36837645e08c4d8b84bf0311e2ecf	2141490760
MoreMountains.Tools.MMTriggerAndCollision	bad36837645e08c4d8b84bf0311e2ecf	-2011061139
MoreMountains.Feedbacks.MMSpringVignetteColor	bad36837645e08c4d8b84bf0311e2ecf	-1410212497
MoreMountains.Tools.MMPostProcessingMovingFilter	bad36837645e08c4d8b84bf0311e2ecf	807201584
MoreMountains.Feedbacks.MMSpringShaderController	bad36837645e08c4d8b84bf0311e2ecf	1938190671
MoreMountains.Feedbacks.MMAudioSourcePitchShaker	bad36837645e08c4d8b84bf0311e2ecf	738697063
MoreMountains.Feedbacks.MMFeedbacksInspectorColors	bad36837645e08c4d8b84bf0311e2ecf	1951040328
MoreMountains.Tools.MMUIFollowMouse	bad36837645e08c4d8b84bf0311e2ecf	-389495638
MoreMountains.Tools.MMAchievementDisplayItem	bad36837645e08c4d8b84bf0311e2ecf	578113265
MoreMountains.Feedbacks.MMSpringPaniniProjectionDistance_URP	bad36837645e08c4d8b84bf0311e2ecf	50641758
MoreMountains.Tools.MMAudioListener	bad36837645e08c4d8b84bf0311e2ecf	1083957152
MoreMountains.Tools.MMFPSUnlock	bad36837645e08c4d8b84bf0311e2ecf	-802516996
MoreMountains.FeedbacksForThirdParty.MMDepthOfFieldShaker	bad36837645e08c4d8b84bf0311e2ecf	1737713630
MoreMountains.Tools.MMTouchJoystick	bad36837645e08c4d8b84bf0311e2ecf	-1253052884
MoreMountains.Tools.MMCinemachineZone3D	bad36837645e08c4d8b84bf0311e2ecf	-1900799078
MoreMountains.Tools.MMRadioBroadcaster	bad36837645e08c4d8b84bf0311e2ecf	729516448
MoreMountains.Feedbacks.MMRotationShaker	bad36837645e08c4d8b84bf0311e2ecf	1466434189
MoreMountains.Feedbacks.MMWiggle	bad36837645e08c4d8b84bf0311e2ecf	-1344645049
MoreMountains.Feedbacks.MMSpringVignetteCenter_URP	bad36837645e08c4d8b84bf0311e2ecf	1786978240
MoreMountains.Tools.MMFPSCounter	bad36837645e08c4d8b84bf0311e2ecf	1343398898
MoreMountains.Tools.MMAchievementList	bad36837645e08c4d8b84bf0311e2ecf	1084453509
MoreMountains.Feedbacks.MMSpringTMPFontSize	bad36837645e08c4d8b84bf0311e2ecf	-595004578
MoreMountains.Tools.MMTouchAxis	bad36837645e08c4d8b84bf0311e2ecf	863952901
MoreMountains.FeedbacksForThirdParty.MMCinemachineCameraShaker	bad36837645e08c4d8b84bf0311e2ecf	641866475
MoreMountains.Tools.MMDontDestroyOnLoad	bad36837645e08c4d8b84bf0311e2ecf	-1833501268
MoreMountains.Feedbacks.MMCameraShaker	bad36837645e08c4d8b84bf0311e2ecf	1773029722
MoreMountains.Tools.MMObjectPooler	bad36837645e08c4d8b84bf0311e2ecf	-1416656540
MoreMountains.Tools.MMPlotter	bad36837645e08c4d8b84bf0311e2ecf	-1121590425
MoreMountains.Tools.MMDebugMenuCheckboxEventListener	bad36837645e08c4d8b84bf0311e2ecf	-1502507491
MoreMountains.Tools.MMTouchRepositionableJoystick	bad36837645e08c4d8b84bf0311e2ecf	-419667354
MoreMountains.Tools.MMDebugOnScreenConsole	bad36837645e08c4d8b84bf0311e2ecf	-501282157
MoreMountains.Tools.MMSMPlaylist	bad36837645e08c4d8b84bf0311e2ecf	-448783700
MoreMountains.Tools.MMTilemapShadow	bad36837645e08c4d8b84bf0311e2ecf	-191855128
MoreMountains.Tools.MMSpawnAroundTester	bad36837645e08c4d8b84bf0311e2ecf	-1238367861
MoreMountains.Tools.MMPersistenceManager	bad36837645e08c4d8b84bf0311e2ecf	2143870368
MoreMountains.Tools.MMTimedDestruction	bad36837645e08c4d8b84bf0311e2ecf	-1113701107
MoreMountains.Tools.MMTriggerFilter	bad36837645e08c4d8b84bf0311e2ecf	-943126098
MoreMountains.Tools.MMProgressBar	bad36837645e08c4d8b84bf0311e2ecf	661416242
MoreMountains.FeedbacksForThirdParty.MMExposureShaker_HDRP	bad36837645e08c4d8b84bf0311e2ecf	383453530
MoreMountains.Feedbacks.MMAudioFilterReverbShaker	bad36837645e08c4d8b84bf0311e2ecf	-120790219
MoreMountains.Feedbacks.MMScaleShaker	bad36837645e08c4d8b84bf0311e2ecf	323451477
MoreMountains.FeedbacksForThirdParty.MMCinemachinePriorityBrainListener	bad36837645e08c4d8b84bf0311e2ecf	997019163
MoreMountains.FeedbacksForThirdParty.MMChromaticAberrationShaker_URP	bad36837645e08c4d8b84bf0311e2ecf	-1496806622
MoreMountains.Feedbacks.MMSpringLightRange	bad36837645e08c4d8b84bf0311e2ecf	-217357202
MoreMountains.Tools.MMDebugMenuItemButton	bad36837645e08c4d8b84bf0311e2ecf	-491791323
MoreMountains.Feedbacks.MMF_MMSoundManagerSoundData	bad36837645e08c4d8b84bf0311e2ecf	-350465228
MoreMountains.Tools.MMFaderDirectional	bad36837645e08c4d8b84bf0311e2ecf	347638336
MoreMountains.Feedbacks.MMInputSequenceRecorder	bad36837645e08c4d8b84bf0311e2ecf	-1314945365
MoreMountains.Feedbacks.MMCameraShakerRotation	bad36837645e08c4d8b84bf0311e2ecf	-1088470173
MoreMountains.Tools.MMAchievementDisplayer	bad36837645e08c4d8b84bf0311e2ecf	-87856378
MoreMountains.Feedbacks.MMFloatingTextMeshPro	bad36837645e08c4d8b84bf0311e2ecf	-1571949784
MoreMountains.Tools.MMSquashAndStretch	bad36837645e08c4d8b84bf0311e2ecf	-1176515768
MoreMountains.Tools.MMSaveLoadTester	bad36837645e08c4d8b84bf0311e2ecf	-981859420
MoreMountains.Tools.MMCinemachineZone2D	bad36837645e08c4d8b84bf0311e2ecf	638552064
MoreMountains.FeedbacksForThirdParty.MMColorAdjustmentsShaker_URP	bad36837645e08c4d8b84bf0311e2ecf	2134203315
MoreMountains.Feedbacks.MMSpringAudioSourceVolume	bad36837645e08c4d8b84bf0311e2ecf	1786082123
MoreMountains.Tools.MMTilemapBoolean	bad36837645e08c4d8b84bf0311e2ecf	274462767
MoreMountains.Tools.MMRadioSignalAudioAnalyzer	bad36837645e08c4d8b84bf0311e2ecf	74295832
MoreMountains.Tools.MMPathMovement	bad36837645e08c4d8b84bf0311e2ecf	-1335299332
MoreMountains.Tools.MMDebugMenuItemTitle	bad36837645e08c4d8b84bf0311e2ecf	1606000535
MoreMountains.Tools.MMChangeFogColor	bad36837645e08c4d8b84bf0311e2ecf	-958458098
MoreMountains.FeedbacksForThirdParty.MMGlobalPostProcessingVolumeAutoBlend	bad36837645e08c4d8b84bf0311e2ecf	1118399735
MoreMountains.Feedbacks.MMCameraClippingPlanesShaker	bad36837645e08c4d8b84bf0311e2ecf	-1398901130
MoreMountains.FeedbacksForThirdParty.MMChannelMixerShaker_URP	bad36837645e08c4d8b84bf0311e2ecf	-538275199
MoreMountains.Feedbacks.MMSpringTMPLineSpacing	bad36837645e08c4d8b84bf0311e2ecf	-1516555787
MoreMountains.Tools.MMSwipeZone	bad36837645e08c4d8b84bf0311e2ecf	-112820051
MoreMountains.Tools.MMRandomBoundsInstantiator	bad36837645e08c4d8b84bf0311e2ecf	1585110122
MoreMountains.Tools.ShaderController	bad36837645e08c4d8b84bf0311e2ecf	-1111691301
MoreMountains.Tools.MMRadioSignalGenerator	bad36837645e08c4d8b84bf0311e2ecf	1045742154
MoreMountains.Feedbacks.MMSpringVector4`1	bad36837645e08c4d8b84bf0311e2ecf	2001123707
MoreMountains.Feedbacks.MMSpringRotationAround	bad36837645e08c4d8b84bf0311e2ecf	1645817395
MoreMountains.FeedbacksForThirdParty.MMCinemachinePriorityListener	bad36837645e08c4d8b84bf0311e2ecf	-279678517
MoreMountains.Feedbacks.MMFeedback	bad36837645e08c4d8b84bf0311e2ecf	-801016775
MoreMountains.FeedbacksForThirdParty.MMVolumeBlendShaker_URP	bad36837645e08c4d8b84bf0311e2ecf	-1423726931
MoreMountains.Tools.MMDebugMenuItemSlider	bad36837645e08c4d8b84bf0311e2ecf	-2081276337
MoreMountains.FeedbacksForThirdParty.MMMotionBlurShaker_URP	bad36837645e08c4d8b84bf0311e2ecf	-1146890744
MoreMountains.Tools.MMDebugMenuItemChoices	bad36837645e08c4d8b84bf0311e2ecf	392614833
MoreMountains.Tools.MMFaderRound	bad36837645e08c4d8b84bf0311e2ecf	-1405849447
MoreMountains.Tools.MMAutoInputModule	bad36837645e08c4d8b84bf0311e2ecf	2005069017
MoreMountains.Tools.MMMultipleObjectPooler	bad36837645e08c4d8b84bf0311e2ecf	-2050934325
MoreMountains.Tools.MMRigidbodyInterface	bad36837645e08c4d8b84bf0311e2ecf	-1720773774
MoreMountains.Tools.MMTwoSidedUI	bad36837645e08c4d8b84bf0311e2ecf	-214615285
MoreMountains.Tools.MMRigidbodyCenterOfMass	bad36837645e08c4d8b84bf0311e2ecf	-1972473417
MoreMountains.Feedbacks.MMSpriteRendererShaker	bad36837645e08c4d8b84bf0311e2ecf	208179404
MoreMountains.Feedbacks.MMFloatingTextSpawner	bad36837645e08c4d8b84bf0311e2ecf	485392949
MoreMountains.Tools.MMToggleActive	bad36837645e08c4d8b84bf0311e2ecf	424590678
MoreMountains.Tools.MMStayInPlace	bad36837645e08c4d8b84bf0311e2ecf	1960381714
MoreMountains.Tools.LightController	bad36837645e08c4d8b84bf0311e2ecf	-52630502
MoreMountains.FeedbacksForThirdParty.MMLensDistortionShaker	bad36837645e08c4d8b84bf0311e2ecf	-1908840756
MoreMountains.Feedbacks.MMSpringRectTransformPosition	bad36837645e08c4d8b84bf0311e2ecf	1034730689
MoreMountains.Feedbacks.MMSpringColorGradingTint	bad36837645e08c4d8b84bf0311e2ecf	-12271202
MoreMountains.Tools.AIAction	bad36837645e08c4d8b84bf0311e2ecf	-518546732
MoreMountains.Tools.MMSceneRestarter	bad36837645e08c4d8b84bf0311e2ecf	1521128840
MoreMountains.FeedbacksForThirdParty.MMDepthOfFieldShaker_URP	bad36837645e08c4d8b84bf0311e2ecf	-1609521529
MoreMountains.Tools.MMAudioAnalyzer	bad36837645e08c4d8b84bf0311e2ecf	1576960970
MoreMountains.Feedbacks.MMSpringBloomIntensity_URP	bad36837645e08c4d8b84bf0311e2ecf	158900652
MoreMountains.Tools.MMMonoBehaviour	bad36837645e08c4d8b84bf0311e2ecf	1537501080
MoreMountains.Tools.MMPersistent	bad36837645e08c4d8b84bf0311e2ecf	-1664787141
MoreMountains.Tools.MMDebugMenuSpriteReplace	bad36837645e08c4d8b84bf0311e2ecf	1208060445
MoreMountains.Tools.MMCountdown	bad36837645e08c4d8b84bf0311e2ecf	5764219
MoreMountains.Tools.MMPlaylistRemote	bad36837645e08c4d8b84bf0311e2ecf	-2033069685
MoreMountains.FeedbacksForThirdParty.MMCinemachineZoom	bad36837645e08c4d8b84bf0311e2ecf	-1268338204
MoreMountains.Feedbacks.MMFlash	bad36837645e08c4d8b84bf0311e2ecf	-1684509013
MoreMountains.Feedbacks.MMSpringColorGradingSaturation	bad36837645e08c4d8b84bf0311e2ecf	-2116011664
MoreMountains.Tools.MMTilemapCleaner	bad36837645e08c4d8b84bf0311e2ecf	1295530763
MoreMountains.Tools.MMParentingOnStart	bad36837645e08c4d8b84bf0311e2ecf	-826075400
MoreMountains.Tools.MMDebugMenuCommands	bad36837645e08c4d8b84bf0311e2ecf	884979068
MoreMountains.Feedbacks.MMSpringImageColor	bad36837645e08c4d8b84bf0311e2ecf	-1004560104
MoreMountains.Feedbacks.MMSpringWhiteBalanceTemperature_URP	bad36837645e08c4d8b84bf0311e2ecf	1907634734
MoreMountains.Tools.MMScreenshot	bad36837645e08c4d8b84bf0311e2ecf	-1679382422
MoreMountains.Tools.MMOrbitalCamera	bad36837645e08c4d8b84bf0311e2ecf	-2057843953
MoreMountains.Tools.FloatController	bad36837645e08c4d8b84bf0311e2ecf	1138352689
MoreMountains.Feedbacks.MMAudioSourceSequencer	bad36837645e08c4d8b84bf0311e2ecf	940735080
MoreMountains.Tools.MMAnimationParameter	bad36837645e08c4d8b84bf0311e2ecf	-1000260619
MoreMountains.Tools.MMApplicationPlatformActivation	bad36837645e08c4d8b84bf0311e2ecf	1156283121
MoreMountains.Feedbacks.MMF_BroadcastProxy	bad36837645e08c4d8b84bf0311e2ecf	-343880156
MoreMountains.Tools.MMDebugMenuButtonEventListener	bad36837645e08c4d8b84bf0311e2ecf	1739385455
MoreMountains.Tools.MMTrailRendererSortingLayer	bad36837645e08c4d8b84bf0311e2ecf	-1777360773
MoreMountains.Tools.MMControlsTestInputManager	bad36837645e08c4d8b84bf0311e2ecf	520555566
MoreMountains.Tools.MMAnimationCurveGenerator	bad36837645e08c4d8b84bf0311e2ecf	-573394918
MoreMountains.FeedbacksForThirdParty.MMColorAdjustmentsShaker_HDRP	bad36837645e08c4d8b84bf0311e2ecf	165717459
MoreMountains.Feedbacks.MMFeedbackBase	bad36837645e08c4d8b84bf0311e2ecf	1550145946
MoreMountains.FeedbacksForThirdParty.MMCinemachineOrthographicSizeShaker	bad36837645e08c4d8b84bf0311e2ecf	1548566869
MoreMountains.Tools.MMLootTableGameObjectSO	bad36837645e08c4d8b84bf0311e2ecf	1622155138
MoreMountains.Feedbacks.MMSpringWhiteBalanceTint_URP	bad36837645e08c4d8b84bf0311e2ecf	1520990645
MoreMountains.Tools.MMPeriodicExecution	bad36837645e08c4d8b84bf0311e2ecf	-568863521
MoreMountains.Tools.MMAchievementRules	bad36837645e08c4d8b84bf0311e2ecf	148383345
MoreMountains.Tools.MMGhostCamera	bad36837645e08c4d8b84bf0311e2ecf	1473809235
MoreMountains.FeedbacksForThirdParty.MMPostProcessingHelpers	bad36837645e08c4d8b84bf0311e2ecf	-421051789
MoreMountains.Feedbacks.MMSpringAudioSourcePitch	bad36837645e08c4d8b84bf0311e2ecf	-686079235
MoreMountains.Tools.MMTouchControls	bad36837645e08c4d8b84bf0311e2ecf	450557993
MoreMountains.Feedbacks.MMSpringBloomIntensity	bad36837645e08c4d8b84bf0311e2ecf	478422949
MoreMountains.Feedbacks.MMSpringMotionBlurIntensity_URP	bad36837645e08c4d8b84bf0311e2ecf	556204845
MoreMountains.Tools.MMDebugMenuSwitch	bad36837645e08c4d8b84bf0311e2ecf	-1637098107
MoreMountains.Feedbacks.MMSpringVector3Component`1	bad36837645e08c4d8b84bf0311e2ecf	1002984281
MoreMountains.FeedbacksForThirdParty.MMCinemachineDutchShaker	bad36837645e08c4d8b84bf0311e2ecf	1048006058
MoreMountains.Feedbacks.MMFloatingText	bad36837645e08c4d8b84bf0311e2ecf	-685426847
MoreMountains.Tools.MMLoadScene	bad36837645e08c4d8b84bf0311e2ecf	-1458127679
MoreMountains.Feedbacks.MMSpringImageAlpha	bad36837645e08c4d8b84bf0311e2ecf	1779470485
MoreMountains.FeedbacksForThirdParty.MMCameraZoom	bad36837645e08c4d8b84bf0311e2ecf	-754800554
MoreMountains.FeedbacksForThirdParty.MMHDRPHelpers	bad36837645e08c4d8b84bf0311e2ecf	2111072077
MoreMountains.Feedbacks.MMSpringLightColor	bad36837645e08c4d8b84bf0311e2ecf	35993320
MoreMountains.Tools.MMTimedActivation	bad36837645e08c4d8b84bf0311e2ecf	1542154862
MoreMountains.FeedbacksForThirdParty.MMCinemachineClippingPlanesShaker	bad36837645e08c4d8b84bf0311e2ecf	18390330
MoreMountains.Feedbacks.MMSpringChromaticAberrationIntensity	bad36837645e08c4d8b84bf0311e2ecf	-1777597982
MoreMountains.Tools.MMPersistentSingleton`1	bad36837645e08c4d8b84bf0311e2ecf	-1584662117
MoreMountains.FeedbacksForThirdParty.MMURPHelpers	bad36837645e08c4d8b84bf0311e2ecf	183260651
MoreMountains.Feedbacks.MMSpringMMTimeScale	bad36837645e08c4d8b84bf0311e2ecf	1269827252
MoreMountains.Tools.MMAnimatorMirror	bad36837645e08c4d8b84bf0311e2ecf	304975553
MoreMountains.Tools.MMCinemachineZone	bad36837645e08c4d8b84bf0311e2ecf	-455028526
MoreMountains.Tools.MMSoundManager	bad36837645e08c4d8b84bf0311e2ecf	-101400680
MoreMountains.Feedbacks.MMF_Player	bad36837645e08c4d8b84bf0311e2ecf	1657201663
MoreMountains.Tools.MMRagdollerIgnore	bad36837645e08c4d8b84bf0311e2ecf	711423703
MoreMountains.Feedbacks.MMSpringSquashAndStretch	bad36837645e08c4d8b84bf0311e2ecf	-1307271527
MoreMountains.Feedbacks.MMSpringScale	bad36837645e08c4d8b84bf0311e2ecf	359096635
MoreMountains.Tools.MMConsole	bad36837645e08c4d8b84bf0311e2ecf	43940259
MoreMountains.Feedbacks.MMSpringVignetteColor_URP	bad36837645e08c4d8b84bf0311e2ecf	1062037337
MoreMountains.Tools.MMParallaxUI	bad36837645e08c4d8b84bf0311e2ecf	-1538291190
MoreMountains.Tools.MMPositionRecorder	bad36837645e08c4d8b84bf0311e2ecf	1856003094
MoreMountains.Feedbacks.MMSequence	bad36837645e08c4d8b84bf0311e2ecf	524309360
MoreMountains.Tools.MMGizmo	bad36837645e08c4d8b84bf0311e2ecf	1460200390
MoreMountains.Feedbacks.MMCameraFieldOfViewShaker	bad36837645e08c4d8b84bf0311e2ecf	2125588720
MoreMountains.Tools.MMGyroParallax	bad36837645e08c4d8b84bf0311e2ecf	1254408816
MoreMountains.Tools.MMBoundsExtensions	bad36837645e08c4d8b84bf0311e2ecf	1662920531
MoreMountains.Tools.MMDebugMenuSliderEventListener	bad36837645e08c4d8b84bf0311e2ecf	-787858005
MoreMountains.FeedbacksForThirdParty.MMPaniniProjectionShaker_HDRP	bad36837645e08c4d8b84bf0311e2ecf	393612214
MoreMountains.Tools.MMTouchButton	bad36837645e08c4d8b84bf0311e2ecf	1747255927
MoreMountains.Feedbacks.MMSpringColorGradingContrast	bad36837645e08c4d8b84bf0311e2ecf	1023863260
MoreMountains.Tools.MMSceneViewIcon	bad36837645e08c4d8b84bf0311e2ecf	-1401529769
MoreMountains.Tools.MMAutoDestroyParticleSystem	bad36837645e08c4d8b84bf0311e2ecf	1019898477
MoreMountains.Tools.MMOpenURL	bad36837645e08c4d8b84bf0311e2ecf	818176693
MoreMountains.FeedbacksForThirdParty.MMBloomShaker	bad36837645e08c4d8b84bf0311e2ecf	1134538023
MoreMountains.Feedbacks.MMSpringCameraFieldOfView	bad36837645e08c4d8b84bf0311e2ecf	1880750602
MoreMountains.Tools.MMTriggerAndCollisionFilter	bad36837645e08c4d8b84bf0311e2ecf	-1465363433
MoreMountains.Tools.MMPlotterGenerator	bad36837645e08c4d8b84bf0311e2ecf	-918647426
MoreMountains.Tools.MMCameraAspectRatio	bad36837645e08c4d8b84bf0311e2ecf	1081927053
MoreMountains.Tools.MMAdditiveSceneLoadingManager	bad36837645e08c4d8b84bf0311e2ecf	-1633063482
MoreMountains.Tools.MMForceDestroyInPlayMode	bad36837645e08c4d8b84bf0311e2ecf	619210489
MoreMountains.Feedbacks.MMSpringDepthOfFieldFocusDistance	bad36837645e08c4d8b84bf0311e2ecf	2111605598
MoreMountains.Tools.MMOffsetAnimation	bad36837645e08c4d8b84bf0311e2ecf	720826801
MoreMountains.Feedbacks.MMSpringLightIntensity	bad36837645e08c4d8b84bf0311e2ecf	1309695725
MoreMountains.Tools.MMPlaylist	bad36837645e08c4d8b84bf0311e2ecf	-1654650711
MoreMountains.Tools.MMCursorVisible	bad36837645e08c4d8b84bf0311e2ecf	-1016009047
MoreMountains.Feedbacks.MMSpringPosition	bad36837645e08c4d8b84bf0311e2ecf	558899872
MoreMountains.Tools.MMPlotterAxis	bad36837645e08c4d8b84bf0311e2ecf	-1290014023
MoreMountains.Feedbacks.MMSpringColorGradingTemperature	bad36837645e08c4d8b84bf0311e2ecf	-793518786
MoreMountains.FeedbacksForThirdParty.MMDepthOfFieldShaker_HDRP	bad36837645e08c4d8b84bf0311e2ecf	669225777
MoreMountains.Feedbacks.MMSpringDepthOfFieldFocalLength_URP	bad36837645e08c4d8b84bf0311e2ecf	-996806891
MoreMountains.Tools.MMBezierLineRenderer	bad36837645e08c4d8b84bf0311e2ecf	1562955665
MoreMountains.Tools.MMDebugMenuItemText	bad36837645e08c4d8b84bf0311e2ecf	1476658361
MoreMountains.Feedbacks.MMSpringTMPDilate	bad36837645e08c4d8b84bf0311e2ecf	-1284588093
MoreMountains.Feedbacks.MMFeedbacksHelpers	bad36837645e08c4d8b84bf0311e2ecf	-1436547815
MoreMountains.Feedbacks.MMSpringColorComponent`1	bad36837645e08c4d8b84bf0311e2ecf	1714444000
MoreMountains.Tools.MMRendererSortingLayer	bad36837645e08c4d8b84bf0311e2ecf	-1432280639
MoreMountains.Feedbacks.MMSpringCameraOrthographicSize	bad36837645e08c4d8b84bf0311e2ecf	1562390187
MoreMountains.Feedbacks.MMBlink	bad36837645e08c4d8b84bf0311e2ecf	30961743
MoreMountains.Feedbacks.MMSpringVector2Component`1	bad36837645e08c4d8b84bf0311e2ecf	-414253545
MoreMountains.FeedbacksForThirdParty.MMPaniniProjectionShaker_URP	bad36837645e08c4d8b84bf0311e2ecf	1872354827
MoreMountains.Tools.MMDebugMenuItemCheckbox	bad36837645e08c4d8b84bf0311e2ecf	-1503676544
MoreMountains.FeedbacksForThirdParty.MMBloomShaker_HDRP	bad36837645e08c4d8b84bf0311e2ecf	-1843154232
MoreMountains.Feedbacks.MMF_PlayerDebugInput	bad36837645e08c4d8b84bf0311e2ecf	-1487131451
MoreMountains.Feedbacks.MMFeedbacksShaker	bad36837645e08c4d8b84bf0311e2ecf	1588359988
MoreMountains.Feedbacks.MMSoundSequencer	bad36837645e08c4d8b84bf0311e2ecf	-2142928622
MoreMountains.Tools.MMRuntimeParticleControl	bad36837645e08c4d8b84bf0311e2ecf	-1945214356
MoreMountains.Tools.MMVisibleParticle	bad36837645e08c4d8b84bf0311e2ecf	1993443571
MoreMountains.Tools.MMStopMotionAnimation	bad36837645e08c4d8b84bf0311e2ecf	1081026096
MoreMountains.Tools.MMOnMouse	bad36837645e08c4d8b84bf0311e2ecf	179290932
MoreMountains.Feedbacks.MMAudioFilterDistortionShaker	bad36837645e08c4d8b84bf0311e2ecf	1422475963
MoreMountains.Tools.MMFaceDirection	bad36837645e08c4d8b84bf0311e2ecf	-220497108
MoreMountains.Feedbacks.MMSpringSpriteColor	bad36837645e08c4d8b84bf0311e2ecf	1014668017
MoreMountains.FeedbacksForThirdParty.MMVignetteShaker_URP	bad36837645e08c4d8b84bf0311e2ecf	-501641945
MoreMountains.Feedbacks.MMAudioFilterLowPassShaker	bad36837645e08c4d8b84bf0311e2ecf	-382555702
MoreMountains.Tools.MMConeOfVision	bad36837645e08c4d8b84bf0311e2ecf	18047570
MoreMountains.Tools.MMFader	bad36837645e08c4d8b84bf0311e2ecf	-213337981
MoreMountains.Feedbacks.MMFeedbacks	bad36837645e08c4d8b84bf0311e2ecf	743938032
MoreMountains.Tools.MMSceneLoadingImageProgress	bad36837645e08c4d8b84bf0311e2ecf	-1834636045
MoreMountains.Tools.MMAutoRotate	bad36837645e08c4d8b84bf0311e2ecf	682413794
MoreMountains.Tools.MMDebugMenuTab	bad36837645e08c4d8b84bf0311e2ecf	-666400672
MoreMountains.Feedbacks.MMSpringTMPCharacterSpacing	bad36837645e08c4d8b84bf0311e2ecf	1312409250
MoreMountains.Tools.MMProgressBarDemoAuto	bad36837645e08c4d8b84bf0311e2ecf	2058148398
MoreMountains.Tools.MMDebugMenuTabManager	bad36837645e08c4d8b84bf0311e2ecf	-809014600
MoreMountains.Tools.MMActivationOnStart	bad36837645e08c4d8b84bf0311e2ecf	-186003106
MoreMountains.Tools.MMBillboard	bad36837645e08c4d8b84bf0311e2ecf	1126697034
MoreMountains.Tools.MMAspectRatioSafeZones	bad36837645e08c4d8b84bf0311e2ecf	-2145674888
MoreMountains.FeedbacksForThirdParty.MMBloomShaker_URP	bad36837645e08c4d8b84bf0311e2ecf	-525404175
MoreMountains.FeedbacksForThirdParty.MMCinemachineFieldOfViewShaker	bad36837645e08c4d8b84bf0311e2ecf	-1668424375
MoreMountains.FeedbacksForThirdParty.MMLensDistortionShaker_HDRP	bad36837645e08c4d8b84bf0311e2ecf	-1501022929
MoreMountains.Tools.MMOnPointer	bad36837645e08c4d8b84bf0311e2ecf	348097074
MoreMountains.Feedbacks.MMSpringVignetteCenter	bad36837645e08c4d8b84bf0311e2ecf	1352263974
MoreMountains.Feedbacks.MMMiniObjectPool	bad36837645e08c4d8b84bf0311e2ecf	1747552096
MoreMountains.Feedbacks.MMSpringComponentBase	bad36837645e08c4d8b84bf0311e2ecf	1408967083
MoreMountains.Tools.MMRadioReceiver	bad36837645e08c4d8b84bf0311e2ecf	1952502919
MoreMountains.Feedbacks.MMSpringTextureOffset	bad36837645e08c4d8b84bf0311e2ecf	-125159557
MoreMountains.Feedbacks.MMSpringRotation	bad36837645e08c4d8b84bf0311e2ecf	-1781469736
MoreMountains.Tools.MMSelectionBase	bad36837645e08c4d8b84bf0311e2ecf	-1926013075
MoreMountains.Tools.MMAutoExecution	bad36837645e08c4d8b84bf0311e2ecf	-1864387492
MoreMountains.Tools.AIDecision	bad36837645e08c4d8b84bf0311e2ecf	-1843476892
MoreMountains.Tools.MMPSBToUIConverter	bad36837645e08c4d8b84bf0311e2ecf	-798262207
MoreMountains.Tools.MMSliderStep	bad36837645e08c4d8b84bf0311e2ecf	133107266
MoreMountains.Tools.MMDebugMenuRadioButton	bad36837645e08c4d8b84bf0311e2ecf	223087906
MoreMountains.Tools.MMAnimationModifier	bad36837645e08c4d8b84bf0311e2ecf	1419291659
MoreMountains.FeedbacksForThirdParty.MMChromaticAberrationShaker	bad36837645e08c4d8b84bf0311e2ecf	-2115063141
MoreMountains.Feedbacks.MMSpringFloatComponent`1	bad36837645e08c4d8b84bf0311e2ecf	1704179021
MoreMountains.Tools.MMPreventPassingThrough	bad36837645e08c4d8b84bf0311e2ecf	1557693343
MoreMountains.Tools.TransformController	bad36837645e08c4d8b84bf0311e2ecf	474318568
MoreMountains.Tools.MMDebugMenuTabContents	bad36837645e08c4d8b84bf0311e2ecf	1290195148
MoreMountains.FeedbacksForThirdParty.MMVignetteShaker	bad36837645e08c4d8b84bf0311e2ecf	1416594110
MoreMountains.Feedbacks.MMSpringRectTransformSizeDelta	bad36837645e08c4d8b84bf0311e2ecf	-2109739968
MoreMountains.Feedbacks.MMFeedbacksSequencer	bad36837645e08c4d8b84bf0311e2ecf	55154633
MoreMountains.Feedbacks.MMSpringTMPSoftness	bad36837645e08c4d8b84bf0311e2ecf	-335477251
MoreMountains.Tools.MMInputExecution	bad36837645e08c4d8b84bf0311e2ecf	-1888443272
MoreMountains.Tools.MMDebugController	bad36837645e08c4d8b84bf0311e2ecf	2012030280
MoreMountains.FeedbacksForThirdParty.MMChromaticAberrationShaker_HDRP	bad36837645e08c4d8b84bf0311e2ecf	-417960592
MoreMountains.Tools.MMGyroscope	bad36837645e08c4d8b84bf0311e2ecf	-2142814564
MoreMountains.Tools.MMPlatformActivation	bad36837645e08c4d8b84bf0311e2ecf	405194189
MoreMountains.Feedbacks.MMSpringLensDistortionIntensity_URP	bad36837645e08c4d8b84bf0311e2ecf	-1676770165
MoreMountains.Tools.MMLineRendererDriver	bad36837645e08c4d8b84bf0311e2ecf	420546308
MoreMountains.Tools.MMRadialProgressBar	bad36837645e08c4d8b84bf0311e2ecf	-1462892644
MoreMountains.FeedbacksForThirdParty.MMWhiteBalanceShaker_HDRP	bad36837645e08c4d8b84bf0311e2ecf	1677566511
MoreMountains.FeedbacksForThirdParty.MMCinemachineFreeLookZoom	bad36837645e08c4d8b84bf0311e2ecf	-1154947391
MoreMountains.Feedbacks.MMShaker	bad36837645e08c4d8b84bf0311e2ecf	-1087487549
MoreMountains.Tools.MMSoundManagerTrackVolumeSlider	bad36837645e08c4d8b84bf0311e2ecf	577142814
MoreMountains.Tools.MMTilemapGenerator	bad36837645e08c4d8b84bf0311e2ecf	1008712625
MoreMountains.Tools.MMConditionalActivation	bad36837645e08c4d8b84bf0311e2ecf	-1759959535
MoreMountains.FeedbacksForThirdParty.MMFilmGrainShaker_HDRP	bad36837645e08c4d8b84bf0311e2ecf	-1443454275
MoreMountains.Feedbacks.MMFeedbacksEnabler	bad36837645e08c4d8b84bf0311e2ecf	-157672600
MoreMountains.Feedbacks.MMSpringVignetteIntensity_URP	bad36837645e08c4d8b84bf0311e2ecf	-1533117997
MoreMountains.Tools.MMTouchFollowerJoystick	bad36837645e08c4d8b84bf0311e2ecf	1102344253
MoreMountains.Tools.MMHealthBar	bad36837645e08c4d8b84bf0311e2ecf	-2063262436
MoreMountains.Feedbacks.MMSpringVignetteIntensity	bad36837645e08c4d8b84bf0311e2ecf	932777746
MoreMountains.Feedbacks.MMSpringTextureScale	bad36837645e08c4d8b84bf0311e2ecf	-1725056948
MoreMountains.Feedbacks.MMPositionShaker	bad36837645e08c4d8b84bf0311e2ecf	-2071357293
MoreMountains.FeedbacksForThirdParty.MMAutoFocus_URP	bad36837645e08c4d8b84bf0311e2ecf	-962304331
MoreMountains.FeedbacksForThirdParty.MMFilmGrainShaker_URP	bad36837645e08c4d8b84bf0311e2ecf	1788374822
MoreMountains.Tools.AIBrain	bad36837645e08c4d8b84bf0311e2ecf	-1054516059
MoreMountains.Feedbacks.MMAudioFilterEchoShaker	bad36837645e08c4d8b84bf0311e2ecf	-800491942
MoreMountains.Tools.MMPoolableObject	bad36837645e08c4d8b84bf0311e2ecf	807503213
MoreMountains.Tools.SelectionBase	bad36837645e08c4d8b84bf0311e2ecf	560027427
MoreMountains.FeedbacksForThirdParty.MMMotionBlurShaker_HDRP	bad36837645e08c4d8b84bf0311e2ecf	582324617
MoreMountains.Tools.MMDebugMenuItemValue	bad36837645e08c4d8b84bf0311e2ecf	1981767865
MoreMountains.Feedbacks.MMSpringMotionBlurShutterAngle	bad36837645e08c4d8b84bf0311e2ecf	-1631864533
MoreMountains.Feedbacks.MMLookAtShaker	bad36837645e08c4d8b84bf0311e2ecf	1820906337
MoreMountains.Tools.MMViewportEdgeTeleporter	bad36837645e08c4d8b84bf0311e2ecf	588147386
MoreMountains.Tools.MMInput	bad36837645e08c4d8b84bf0311e2ecf	904476414
MoreMountains.Tools.MMPersistentBase	bad36837645e08c4d8b84bf0311e2ecf	1767002328
MoreMountains.Tools.MMGetFocusOnEnable	bad36837645e08c4d8b84bf0311e2ecf	1312733023
MoreMountains.Tools.MMSceneLoadingManager	bad36837645e08c4d8b84bf0311e2ecf	-1577739645
MoreMountains.Feedbacks.MMFeedbacksAuthorizations	bad36837645e08c4d8b84bf0311e2ecf	-695710915
MoreMountains.Tools.MMSceneLoadingTextProgress	bad36837645e08c4d8b84bf0311e2ecf	-816859408
MoreMountains.Tools.MMSMPlaylistManager	bad36837645e08c4d8b84bf0311e2ecf	963439126
MoreMountains.FeedbacksForThirdParty.MMWhiteBalanceShaker_URP	bad36837645e08c4d8b84bf0311e2ecf	1997440677
MoreMountains.Tools.MMObjectPool	bad36837645e08c4d8b84bf0311e2ecf	511337383
MoreMountains.Tools.MMDebugMenuData	bad36837645e08c4d8b84bf0311e2ecf	-1974123491
MoreMountains.Tools.MMConeOfVision2D	bad36837645e08c4d8b84bf0311e2ecf	1196600421
MoreMountains.Tools.MMEmmiterReceiver	bad36837645e08c4d8b84bf0311e2ecf	1553362475
MoreMountains.Feedbacks.MMSpringImageFillAmount	bad36837645e08c4d8b84bf0311e2ecf	-1481407411
MoreMountains.Tools.MMPath	bad36837645e08c4d8b84bf0311e2ecf	1396742911
MoreMountains.Feedbacks.MMSequencer	bad36837645e08c4d8b84bf0311e2ecf	55163770
MoreMountains.Tools.MMSoundManagerCustomTrackSO	bad36837645e08c4d8b84bf0311e2ecf	-558712613
MoreMountains.Feedbacks.MMSpringTMPAlpha	bad36837645e08c4d8b84bf0311e2ecf	691229298
MoreMountains.FeedbacksForThirdParty.MMChannelMixerShaker_HDRP	bad36837645e08c4d8b84bf0311e2ecf	2107374855
MoreMountains.Tools.MMSaveLoadManagerMethod	bad36837645e08c4d8b84bf0311e2ecf	2114309315
MoreMountains.Tools.MMApplicationQuit	bad36837645e08c4d8b84bf0311e2ecf	2073803621
MoreMountains.Tools.MMPreventPassingThrough3D	bad36837645e08c4d8b84bf0311e2ecf	-28345871
MoreMountains.Tools.MMSingleton`1	bad36837645e08c4d8b84bf0311e2ecf	219052609
MoreMountains.Tools.MMRadioSignal	bad36837645e08c4d8b84bf0311e2ecf	-2116163788
UnityEngine.InputSystem.Editor.InputActionImporterEditor	86a6bb34d4ef3c344939a79adcc9ae5a	796122926
UnityEngine.InputSystem.Editor.InputStateWindow	86a6bb34d4ef3c344939a79adcc9ae5a	1025074705
UnityEngine.InputSystem.Editor.InputActionsEditorWindow	86a6bb34d4ef3c344939a79adcc9ae5a	1345355734
UnityEngine.InputSystem.OnScreen.OnScreenStick	86a6bb34d4ef3c344939a79adcc9ae5a	2087598585
UnityEngine.InputSystem.Editor.TouchSimulationEditor	86a6bb34d4ef3c344939a79adcc9ae5a	-1861044941
UnityEngine.InputSystem.PlayerInputManager	86a6bb34d4ef3c344939a79adcc9ae5a	1531823330
UnityEngine.InputSystem.Editor.PlayerInputManagerEditor	86a6bb34d4ef3c344939a79adcc9ae5a	-1731984520
UnityEngine.InputSystem.RemoteInputPlayerConnection	86a6bb34d4ef3c344939a79adcc9ae5a	-566081338
UnityEngine.InputSystem.XR.TrackedPoseDriver	86a6bb34d4ef3c344939a79adcc9ae5a	-2046062940
UnityEngine.InputSystem.EnhancedTouch.TouchSimulation	86a6bb34d4ef3c344939a79adcc9ae5a	433493093
UnityEngine.InputSystem.OnScreen.OnScreenButtonEditor	86a6bb34d4ef3c344939a79adcc9ae5a	628105779
UnityEngine.InputSystem.Editor.PlayerInputEditor	86a6bb34d4ef3c344939a79adcc9ae5a	-1920277977
UnityEngine.InputSystem.UI.BaseInputOverride	86a6bb34d4ef3c344939a79adcc9ae5a	-1233595035
UnityEngine.InputSystem.UI.MultiplayerEventSystem	86a6bb34d4ef3c344939a79adcc9ae5a	-261469074
UnityEngine.InputSystem.InputSettings	86a6bb34d4ef3c344939a79adcc9ae5a	-35526777
UnityEngine.InputSystem.UI.InputSystemUIInputModule	86a6bb34d4ef3c344939a79adcc9ae5a	1101929608
UnityEngine.InputSystem.OnScreen.OnScreenButton	86a6bb34d4ef3c344939a79adcc9ae5a	-1879238618
UnityEngine.InputSystem.OnScreen.OnScreenStickEditor	86a6bb34d4ef3c344939a79adcc9ae5a	-2075369489
UnityEngine.InputSystem.UI.Editor.StandaloneInputModuleModuleEditor	86a6bb34d4ef3c344939a79adcc9ae5a	833444998
UnityEngine.InputSystem.UI.TrackedDeviceRaycaster	86a6bb34d4ef3c344939a79adcc9ae5a	-1455822159
UnityEngine.InputSystem.VirtualMouseInputEditor	86a6bb34d4ef3c344939a79adcc9ae5a	-48032233
DownloadableSampleInspector	86a6bb34d4ef3c344939a79adcc9ae5a	559533875
UnityEngine.InputSystem.InputSystemStateManager	86a6bb34d4ef3c344939a79adcc9ae5a	-509252737
UnityEngine.InputSystem.InputActionReference	86a6bb34d4ef3c344939a79adcc9ae5a	-1472958050
UnityEngine.InputSystem.HID.Editor.HIDDescriptorWindow	86a6bb34d4ef3c344939a79adcc9ae5a	-702732753
UnityEngine.InputSystem.UI.Editor.InputSystemUIInputModuleEditor	86a6bb34d4ef3c344939a79adcc9ae5a	-252479885
UnityEngine.InputSystem.InputSystemObject	86a6bb34d4ef3c344939a79adcc9ae5a	-1901756060
UnityEngine.InputSystem.OnScreen.OnScreenControl	86a6bb34d4ef3c344939a79adcc9ae5a	1366591182
UnityEngine.InputSystem.Editor.InputSettingsEditor	86a6bb34d4ef3c344939a79adcc9ae5a	1276726764
UnityEngine.InputSystem.Editor.InputActionAssetEditor	86a6bb34d4ef3c344939a79adcc9ae5a	503079375
UnityEngine.InputSystem.Editor.RemoteInputPlayerConnectionEditor	86a6bb34d4ef3c344939a79adcc9ae5a	1426643677
UnityEngine.InputSystem.InputActionAsset	86a6bb34d4ef3c344939a79adcc9ae5a	330670497
UnityEngine.InputSystem.PlayerInput	86a6bb34d4ef3c344939a79adcc9ae5a	-1354302244
UnityEngine.InputSystem.UI.VirtualMouseInput	86a6bb34d4ef3c344939a79adcc9ae5a	-991134562
DownloadableSample	86a6bb34d4ef3c344939a79adcc9ae5a	1178453907
UnityEngine.InputSystem.Editor.InputDeviceDebuggerWindow	86a6bb34d4ef3c344939a79adcc9ae5a	-139917726
UnityEngine.InputSystem.Editor.InputDebuggerWindow	86a6bb34d4ef3c344939a79adcc9ae5a	707104317
UnityEngine.InputSystem.Editor.AdvancedDropdownWindow	86a6bb34d4ef3c344939a79adcc9ae5a	556772069
UnityEngine.InputSystem.Editor.InputActionDebuggerWindow	86a6bb34d4ef3c344939a79adcc9ae5a	732156949
UnityEngine.InputSystem.Editor.InputActionImporter	86a6bb34d4ef3c344939a79adcc9ae5a	754503473
UnityEngine.Localization.Pseudo.PseudoLocale	a337f110ed5a6a843bfa6097c8c88cca	1934647006
UnityEngine.Localization.Tables.DetailedLocalizationTable`1	a337f110ed5a6a843bfa6097c8c88cca	1185385481
UnityEngine.Localization.Components.LocalizeAudioClipEvent	a337f110ed5a6a843bfa6097c8c88cca	-1187427435
UnityEngine.Localization.LocalizationPropertyDriver	a337f110ed5a6a843bfa6097c8c88cca	-1988805576
UnityEngine.Localization.Components.LocalizeStringListEvent	a337f110ed5a6a843bfa6097c8c88cca	-476102746
UnityEngine.Localization.Tables.SharedTableData	a337f110ed5a6a843bfa6097c8c88cca	-299433217
UnityEngine.Localization.Components.LocalizeSpriteEvent	a337f110ed5a6a843bfa6097c8c88cca	701970144
UnityEngine.Localization.Components.LocalizeTextureEvent	a337f110ed5a6a843bfa6097c8c88cca	-683488436
UnityEngine.Localization.SmartFormat.GlobalVariables.GlobalVariablesGroup	a337f110ed5a6a843bfa6097c8c88cca	485889925
UnityEngine.Localization.Components.LocalizedMonoBehaviour	a337f110ed5a6a843bfa6097c8c88cca	1057697754
UnityEngine.Localization.Tables.StringTable	a337f110ed5a6a843bfa6097c8c88cca	-622809992
UnityEngine.Localization.PropertyVariants.GameObjectLocalizer	a337f110ed5a6a843bfa6097c8c88cca	899345807
UnityEngine.Localization.Components.LocalizedAssetEvent`3	a337f110ed5a6a843bfa6097c8c88cca	375887162
UnityEngine.Localization.PropertyDriver`1	a337f110ed5a6a843bfa6097c8c88cca	-465926864
UnityEngine.Localization.Settings.LocalizationSettings	a337f110ed5a6a843bfa6097c8c88cca	-179382495
UnityEngine.Localization.Components.LocalizedGameObjectEvent	a337f110ed5a6a843bfa6097c8c88cca	1404163681
UnityEngine.Localization.VariantsPropertyDriver	a337f110ed5a6a843bfa6097c8c88cca	1288156289
UnityEngine.Localization.Tables.LocalizationTable	a337f110ed5a6a843bfa6097c8c88cca	16780179
UnityEngine.Localization.Components.LocalizeStringEvent	a337f110ed5a6a843bfa6097c8c88cca	814988327
UnityEngine.Localization.Components.LocalizedAssetBehaviour`2	a337f110ed5a6a843bfa6097c8c88cca	655105550
UnityEngine.Localization.Tables.AssetTable	a337f110ed5a6a843bfa6097c8c88cca	-149288805
UnityEngine.Localization.Locale	a337f110ed5a6a843bfa6097c8c88cca	-2074915446
UnityEngine.Localization.LocalizationBehaviour	a337f110ed5a6a843bfa6097c8c88cca	-1872959112
UnityEngine.Localization.SmartFormat.PersistentVariables.VariablesGroupAsset	a337f110ed5a6a843bfa6097c8c88cca	-42414628
UnityEngine.Rendering.PostProcessing.ChromaticAberration	2329d8e9484eab9449dc68aa99437230	735862483
UnityEngine.Rendering.PostProcessing.Grain	2329d8e9484eab9449dc68aa99437230	1215290129
UnityEngine.Rendering.PostProcessing.ScreenSpaceReflections	2329d8e9484eab9449dc68aa99437230	1108052085
UnityEngine.Rendering.PostProcessing.AutoExposure	2329d8e9484eab9449dc68aa99437230	-1865918427
UnityEngine.Rendering.PostProcessing.AmbientOcclusion	2329d8e9484eab9449dc68aa99437230	359755753
UnityEngine.Rendering.PostProcessing.MotionBlur	2329d8e9484eab9449dc68aa99437230	-2131055571
UnityEngine.Rendering.PostProcessing.Bloom	2329d8e9484eab9449dc68aa99437230	-1437917544
UnityEngine.Rendering.PostProcessing.PostProcessEffectSettings	2329d8e9484eab9449dc68aa99437230	-198746625
UnityEngine.Rendering.PostProcessing.PostProcessResources	2329d8e9484eab9449dc68aa99437230	-695574760
UnityEngine.Rendering.PostProcessing.DepthOfField	2329d8e9484eab9449dc68aa99437230	-1905664330
UnityEngine.Rendering.PostProcessing.LensDistortion	2329d8e9484eab9449dc68aa99437230	383201414
UnityEngine.Rendering.PostProcessing.Vignette	2329d8e9484eab9449dc68aa99437230	-715236736
UnityEngine.Rendering.PostProcessing.PostProcessProfile	2329d8e9484eab9449dc68aa99437230	-2099961501
UnityEngine.Rendering.PostProcessing.PostProcessLayer	2329d8e9484eab9449dc68aa99437230	-1529857597
UnityEngine.Rendering.PostProcessing.PostProcessVolume	2329d8e9484eab9449dc68aa99437230	708136152
UnityEngine.Rendering.PostProcessing.PostProcessDebug	2329d8e9484eab9449dc68aa99437230	207234326
UnityEngine.Rendering.PostProcessing.ColorGrading	2329d8e9484eab9449dc68aa99437230	-472490013
UnityEngine.Rendering.ProbeVolume	f2adfe8bf87c7f649b698e3b4e407bf2	1592508801
UnityEngine.Rendering.FreeCamera	f2adfe8bf87c7f649b698e3b4e407bf2	-1617399385
UnityEngine.Rendering.CameraSwitcher	f2adfe8bf87c7f649b698e3b4e407bf2	-1050186434
UnityEngine.Rendering.LensFlareComponentSRP	f2adfe8bf87c7f649b698e3b4e407bf2	-384056926
UnityEngine.Rendering.VolumeProfile	f2adfe8bf87c7f649b698e3b4e407bf2	250344640
UnityEngine.LightAnchor	f2adfe8bf87c7f649b698e3b4e407bf2	720871262
UnityEngine.Rendering.ProbeVolumesOptions	f2adfe8bf87c7f649b698e3b4e407bf2	-312380539
UnityEngine.Rendering.RenderPipelineGlobalSettings`2	f2adfe8bf87c7f649b698e3b4e407bf2	-757385793
UnityEngine.Rendering.ProbeTouchupVolume	f2adfe8bf87c7f649b698e3b4e407bf2	781949735
UnityEngine.Rendering.DebugUpdater	f2adfe8bf87c7f649b698e3b4e407bf2	-512903154
UnityEngine.Rendering.ProbeAdjustmentVolume	f2adfe8bf87c7f649b698e3b4e407bf2	253099631
UnityEngine.Rendering.LensFlareDataSRP	f2adfe8bf87c7f649b698e3b4e407bf2	-597221735
UnityEngine.Rendering.DebugDisplaySerializer	f2adfe8bf87c7f649b698e3b4e407bf2	1281702372
UnityEngine.Rendering.RuntimeDebugWindow	f2adfe8bf87c7f649b698e3b4e407bf2	529600136
UnityEngine.Rendering.RuntimePersistentDebugUI	f2adfe8bf87c7f649b698e3b4e407bf2	384259192
UnityEngine.Rendering.RenderPipelineResources	f2adfe8bf87c7f649b698e3b4e407bf2	-2000653763
UnityEngine.Rendering.SceneRenderPipeline	f2adfe8bf87c7f649b698e3b4e407bf2	1550720555
UnityEngine.Rendering.RenderGraphModule.DebugMessageHandler	f2adfe8bf87c7f649b698e3b4e407bf2	953612418
UnityEngine.Rendering.ProbeVolumePerSceneData	f2adfe8bf87c7f649b698e3b4e407bf2	374722389
UnityEngine.Rendering.ProbeVolumeBakingSet	f2adfe8bf87c7f649b698e3b4e407bf2	-1904721049
UnityEngine.Rendering.VolumeComponent	f2adfe8bf87c7f649b698e3b4e407bf2	1547277137
UnityEngine.Rendering.ObsoleteProbeVolumeAsset	f2adfe8bf87c7f649b698e3b4e407bf2	1784006678
UnityEngine.Rendering.Volume	f2adfe8bf87c7f649b698e3b4e407bf2	1520420858
UnityEngine.Rendering.DisallowSmallMeshCulling	5f30191120a09e74d8d51f101549b2cc	1180919899
UnityEngine.Rendering.DisallowGPUDrivenRendering	5f30191120a09e74d8d51f101549b2cc	-2054433262
UnityEngine.Rendering.Universal.ScriptableRendererFeature2D	8ccaf4ee2a4ca5b4b906d31289e30708	-494760725
UnityEngine.Rendering.Universal.Light2D	8ccaf4ee2a4ca5b4b906d31289e30708	796348501
UnityEngine.Rendering.Universal.PixelPerfectCamera	8ccaf4ee2a4ca5b4b906d31289e30708	393706450
UnityEngine.Rendering.Universal.ShadowCasterGroup2D	8ccaf4ee2a4ca5b4b906d31289e30708	-141394137
UnityEngine.Rendering.Universal.CompositeShadowCaster2D	8ccaf4ee2a4ca5b4b906d31289e30708	322347406
UnityEngine.Rendering.Universal.ShadowCaster2D	8ccaf4ee2a4ca5b4b906d31289e30708	595394949
UnityEngine.Rendering.Universal.Renderer2DData	8ccaf4ee2a4ca5b4b906d31289e30708	1561790554
UnityEngine.Rendering.Universal.CinemachineUniversalPixelPerfect	8ccaf4ee2a4ca5b4b906d31289e30708	203823972
UnityEngine.Rendering.Universal.FullScreenPassRendererFeature	66e2906dc30ddd44b94ae2f1788f6298	972750921
UnityEngine.Rendering.Universal.Bloom	66e2906dc30ddd44b94ae2f1788f6298	464656391
UnityEngine.Rendering.Universal.UniversalRendererData	66e2906dc30ddd44b94ae2f1788f6298	-1575395517
UnityEngine.Rendering.Universal.ChromaticAberration	66e2906dc30ddd44b94ae2f1788f6298	456897975
UnityEngine.Rendering.Universal.XRSystemData	66e2906dc30ddd44b94ae2f1788f6298	1073360554
UnityEngine.Rendering.Universal.RenderObjects	66e2906dc30ddd44b94ae2f1788f6298	-1963386888
UnityEngine.Rendering.Universal.UniversalAdditionalLightData	66e2906dc30ddd44b94ae2f1788f6298	-1431003440
UnityEngine.Rendering.Universal.ScreenSpaceAmbientOcclusion	66e2906dc30ddd44b94ae2f1788f6298	2046858975
UnityEngine.Rendering.Universal.UniversalRenderPipelineEditorResourcesEditor	66e2906dc30ddd44b94ae2f1788f6298	-248349819
UnityEngine.Rendering.Universal.ScriptableRendererFeature	66e2906dc30ddd44b94ae2f1788f6298	1412837110
FullScreenPassRendererFeature_OldGUID	66e2906dc30ddd44b94ae2f1788f6298	1621074086
OnTilePostProcessFeature	66e2906dc30ddd44b94ae2f1788f6298	-380383818
UnityEngine.Rendering.Universal.Tonemapping	66e2906dc30ddd44b94ae2f1788f6298	640956576
UnityEngine.Rendering.Universal.UniversalRenderPipelineEditorResources	66e2906dc30ddd44b94ae2f1788f6298	-1847985617
UnityEngine.Rendering.Universal.DepthOfField	66e2906dc30ddd44b94ae2f1788f6298	-2085558323
UnityEngine.Rendering.Universal.UniversalRenderPipelineAsset	66e2906dc30ddd44b94ae2f1788f6298	-549186028
UnityEngine.Rendering.Universal.ScriptableRendererData	66e2906dc30ddd44b94ae2f1788f6298	359977525
UnityEngine.Rendering.Universal.DecalRendererFeature	66e2906dc30ddd44b94ae2f1788f6298	1619829637
UnityEngine.Rendering.Universal.Vignette	66e2906dc30ddd44b94ae2f1788f6298	565963466
UnityEngine.Rendering.Universal.WhiteBalance	66e2906dc30ddd44b94ae2f1788f6298	-1094021734
UnityEngine.Rendering.Universal.ScreenSpaceLensFlare	66e2906dc30ddd44b94ae2f1788f6298	421016351
UnityEngine.Rendering.Universal.ForwardRendererData	66e2906dc30ddd44b94ae2f1788f6298	-1982320787
UnityEngine.Rendering.Universal.MotionBlur	66e2906dc30ddd44b94ae2f1788f6298	224828655
UnityEngine.Rendering.Universal.PostProcessData	66e2906dc30ddd44b94ae2f1788f6298	304953222
UnityEngine.Rendering.Universal.LiftGammaGain	66e2906dc30ddd44b94ae2f1788f6298	282247082
UnityEngine.Rendering.Universal.ColorAdjustments	66e2906dc30ddd44b94ae2f1788f6298	-1728269046
UnityEngine.Rendering.Universal.ColorLookup	66e2906dc30ddd44b94ae2f1788f6298	257616187
UnityEngine.Rendering.Universal.ShadowsMidtonesHighlights	66e2906dc30ddd44b94ae2f1788f6298	815276277
UnityEngine.Rendering.Universal.SplitToning	66e2906dc30ddd44b94ae2f1788f6298	-1771661620
UnityEngine.Rendering.Universal.ScreenSpaceShadows	66e2906dc30ddd44b94ae2f1788f6298	394374998
UnityEngine.Rendering.Universal.UniversalAdditionalCameraData	66e2906dc30ddd44b94ae2f1788f6298	938447500
UnityEngine.Rendering.Universal.FilmGrain	66e2906dc30ddd44b94ae2f1788f6298	-534242816
UnityEngine.Rendering.Universal.ChannelMixer	66e2906dc30ddd44b94ae2f1788f6298	-1142122322
UnityEngine.Rendering.Universal.LensDistortion	66e2906dc30ddd44b94ae2f1788f6298	-1562019045
UnityEngine.Rendering.Universal.PaniniProjection	66e2906dc30ddd44b94ae2f1788f6298	-1302714509
UnityEngine.Rendering.Universal.UniversalRenderPipelineGlobalSettings	66e2906dc30ddd44b94ae2f1788f6298	474283971
UnityEngine.Rendering.Universal.DecalProjector	66e2906dc30ddd44b94ae2f1788f6298	1667301410
UnityEngine.Rendering.Universal.ColorCurves	66e2906dc30ddd44b94ae2f1788f6298	1948069495
UnityEngine.ResourceManagement.Util.DelayedActionManager	ff6b17bf413d2ad429f095630a3cd127	1965067011
UnityEngine.ResourceManagement.Util.ComponentSingleton`1	ff6b17bf413d2ad429f095630a3cd127	990806683
MonoBehaviourCallbackHooks	ff6b17bf413d2ad429f095630a3cd127	-859516750
TMPro.TMP_Settings	afcbc9155ee33ed429bb49e98cdc36d5	-395462249
TMPro.TMP_SelectionCaret	afcbc9155ee33ed429bb49e98cdc36d5	1399189036
TMPro.TextMeshPro	afcbc9155ee33ed429bb49e98cdc36d5	-806885394
TMPro.TMP_InputValidator	afcbc9155ee33ed429bb49e98cdc36d5	1939942070
TMPro.TMP_Text	afcbc9155ee33ed429bb49e98cdc36d5	-1385168320
TMPro.TMP_InputField	afcbc9155ee33ed429bb49e98cdc36d5	-1620774994
TMPro.TMP_FontAsset	afcbc9155ee33ed429bb49e98cdc36d5	-667331979
TMPro.TMP_SubMesh	afcbc9155ee33ed429bb49e98cdc36d5	1330537494
TMPro.TMP_SpriteAnimator	afcbc9155ee33ed429bb49e98cdc36d5	-907550668
TMPro.TMP_SubMeshUI	afcbc9155ee33ed429bb49e98cdc36d5	1908110080
TMPro.TMP_Dropdown	afcbc9155ee33ed429bb49e98cdc36d5	1148083418
TMPro.TMP_SpriteAsset	afcbc9155ee33ed429bb49e98cdc36d5	2019389346
TMPro.TextContainer	afcbc9155ee33ed429bb49e98cdc36d5	311004786
TMPro.TMP_Asset	afcbc9155ee33ed429bb49e98cdc36d5	-659140726
TMPro.TMP_ScrollbarEventHandler	afcbc9155ee33ed429bb49e98cdc36d5	-1406678079
TMPro.TextMeshProUGUI	afcbc9155ee33ed429bb49e98cdc36d5	1453722849
TMPro.TMP_StyleSheet	afcbc9155ee33ed429bb49e98cdc36d5	-1936749209
TMPro.TMP_ShaderPackageImporterWindow	afcbc9155ee33ed429bb49e98cdc36d5	-640850815
TMPro.TMP_PackageResourceImporterWindow	afcbc9155ee33ed429bb49e98cdc36d5	2042998964
TMPro.TMP_ColorGradient	afcbc9155ee33ed429bb49e98cdc36d5	2108210716
UnityEditor.UI.SelectableEditor	b11145256edc05b43ab8d3808cf76da5	1794814344
UnityEditor.UI.DropdownEditor	b11145256edc05b43ab8d3808cf76da5	1435058550
UnityEditor.UI.SliderEditor	b11145256edc05b43ab8d3808cf76da5	484262538
UnityEditor.EventSystems.EventTriggerEditor	b11145256edc05b43ab8d3808cf76da5	1935232690
UnityEditor.UI.ScrollbarEditor	b11145256edc05b43ab8d3808cf76da5	-27235344
UnityEditor.UI.ScrollRectEditor	b11145256edc05b43ab8d3808cf76da5	-1587112554
UnityEditor.UI.ContentSizeFitterEditor	b11145256edc05b43ab8d3808cf76da5	1753748399
UnityEditor.UI.GridLayoutGroupEditor	b11145256edc05b43ab8d3808cf76da5	-1838057168
UnityEditor.UI.SelfControllerEditor	b11145256edc05b43ab8d3808cf76da5	767670264
UnityEditor.EventSystems.Physics2DRaycasterEditor	b11145256edc05b43ab8d3808cf76da5	702274850
UnityEditor.UI.InputFieldEditor	b11145256edc05b43ab8d3808cf76da5	-1411408008
UnityEditor.UI.ButtonEditor	b11145256edc05b43ab8d3808cf76da5	-303527902
UnityEditor.UI.LayoutElementEditor	b11145256edc05b43ab8d3808cf76da5	-1721273248
UnityEditor.EventSystems.PhysicsRaycasterEditor	b11145256edc05b43ab8d3808cf76da5	-979140424
UnityEditor.UI.CanvasGroupInspector	b11145256edc05b43ab8d3808cf76da5	-852717321
UnityEditor.UI.TextEditor	b11145256edc05b43ab8d3808cf76da5	-458351924
UnityEditor.UI.GraphicEditor	b11145256edc05b43ab8d3808cf76da5	-1276394235
UnityEditor.UI.AspectRatioFitterEditor	b11145256edc05b43ab8d3808cf76da5	-1171596677
UnityEngine.UI.SafeAreaEditor	b11145256edc05b43ab8d3808cf76da5	-1195882940
UnityEditor.UI.RaycastReceiverEditor	b11145256edc05b43ab8d3808cf76da5	1070392529
UnityEditor.UI.CanvasScalerEditor	b11145256edc05b43ab8d3808cf76da5	1353334508
UnityEditor.UI.RectMask2DEditor	b11145256edc05b43ab8d3808cf76da5	-1212856223
UnityEditor.UI.HorizontalOrVerticalLayoutGroupEditor	b11145256edc05b43ab8d3808cf76da5	1366079458
UnityEditor.UI.ImageEditor	b11145256edc05b43ab8d3808cf76da5	-475211145
UnityEditor.UI.ToggleEditor	b11145256edc05b43ab8d3808cf76da5	-925392607
UnityEditor.UI.MaskEditor	b11145256edc05b43ab8d3808cf76da5	504996286
UnityEditor.UI.RawImageEditor	b11145256edc05b43ab8d3808cf76da5	-1790411935
UnityEditor.EventSystems.EventSystemEditor	b11145256edc05b43ab8d3808cf76da5	-1442154989
UnityEngine.UI.HorizontalLayoutGroup	9beeadcac36752f47aa9e6c569a832e4	-405508275
UnityEngine.UI.RawImage	9beeadcac36752f47aa9e6c569a832e4	-98529514
UnityEngine.EventSystems.PointerInputModule	9beeadcac36752f47aa9e6c569a832e4	-1235632416
UnityEngine.UIElements.PanelRaycaster	9beeadcac36752f47aa9e6c569a832e4	-19100109
UnityEngine.UI.PositionAsUV1	9beeadcac36752f47aa9e6c569a832e4	1849938685
UnityEngine.UI.Toggle	9beeadcac36752f47aa9e6c569a832e4	2109663825
UnityEngine.UI.Shadow	9beeadcac36752f47aa9e6c569a832e4	1573420865
UnityEngine.UIElements.PanelEventHandler	9beeadcac36752f47aa9e6c569a832e4	-1610670888
UnityEngine.EventSystems.BaseRaycaster	9beeadcac36752f47aa9e6c569a832e4	-1394661563
UnityEngine.EventSystems.BaseInputModule	9beeadcac36752f47aa9e6c569a832e4	-1837839079
UnityEngine.UI.Button	9beeadcac36752f47aa9e6c569a832e4	1392445389
UnityEngine.UI.RaycastReceiver	9beeadcac36752f47aa9e6c569a832e4	878757002
UnityEngine.UI.Dropdown	9beeadcac36752f47aa9e6c569a832e4	853051423
UnityEngine.UI.HorizontalOrVerticalLayoutGroup	9beeadcac36752f47aa9e6c569a832e4	812294440
UnityEngine.UI.InputField	9beeadcac36752f47aa9e6c569a832e4	575553740
UnityEngine.UI.AspectRatioFitter	9beeadcac36752f47aa9e6c569a832e4	-1254083943
UnityEngine.UI.ScrollRect	9beeadcac36752f47aa9e6c569a832e4	1367256648
UnityEngine.UI.SafeArea	9beeadcac36752f47aa9e6c569a832e4	2114962836
UnityEngine.EventSystems.EventTrigger	9beeadcac36752f47aa9e6c569a832e4	-1862395651
UnityEngine.UI.Image	9beeadcac36752f47aa9e6c569a832e4	-765806418
UnityEngine.UI.ToggleGroup	9beeadcac36752f47aa9e6c569a832e4	-1184210157
UnityEngine.EventSystems.Physics2DRaycaster	9beeadcac36752f47aa9e6c569a832e4	-1690312454
UnityEngine.EventSystems.UIBehaviour	9beeadcac36752f47aa9e6c569a832e4	479328781
UnityEngine.UI.BaseMeshEffect	9beeadcac36752f47aa9e6c569a832e4	1649306735
UnityEngine.UIElements.WorldDocumentRaycaster	9beeadcac36752f47aa9e6c569a832e4	-1534336401
UnityEngine.EventSystems.StandaloneInputModule	9beeadcac36752f47aa9e6c569a832e4	1077351063
UnityEngine.UI.VerticalLayoutGroup	9beeadcac36752f47aa9e6c569a832e4	1297475563
UnityEngine.UI.MaskableGraphic	9beeadcac36752f47aa9e6c569a832e4	-1493381411
UnityEngine.UI.GridLayoutGroup	9beeadcac36752f47aa9e6c569a832e4	-2095666955
UnityEngine.EventSystems.BaseInput	9beeadcac36752f47aa9e6c569a832e4	1327945023
UnityEngine.UI.CanvasScaler	9beeadcac36752f47aa9e6c569a832e4	1980459831
UnityEngine.UI.ContentSizeFitter	9beeadcac36752f47aa9e6c569a832e4	1741964061
UnityEngine.UI.Slider	9beeadcac36752f47aa9e6c569a832e4	-113659843
UnityEngine.EventSystems.EventSystem	9beeadcac36752f47aa9e6c569a832e4	-619905303
UnityEngine.EventSystems.PhysicsRaycaster	9beeadcac36752f47aa9e6c569a832e4	-768656878
UnityEngine.UI.LayoutElement	9beeadcac36752f47aa9e6c569a832e4	1679637790
UnityEngine.UI.Text	9beeadcac36752f47aa9e6c569a832e4	708705254
UnityEngine.UI.RectMask2D	9beeadcac36752f47aa9e6c569a832e4	-146154839
UnityEngine.UI.LayoutGroup	9beeadcac36752f47aa9e6c569a832e4	-555945567
UnityEngine.UI.Mask	9beeadcac36752f47aa9e6c569a832e4	-1200242548
UnityEngine.EventSystems.TouchInputModule	9beeadcac36752f47aa9e6c569a832e4	1997211142
UnityEngine.UI.Selectable	9beeadcac36752f47aa9e6c569a832e4	-234403039
UnityEngine.UI.Scrollbar	9beeadcac36752f47aa9e6c569a832e4	-2061169968
UnityEngine.UI.Graphic	9beeadcac36752f47aa9e6c569a832e4	383007879
UnityEngine.UI.GraphicRaycaster	9beeadcac36752f47aa9e6c569a832e4	1301386320
UnityEngine.UI.Outline	9beeadcac36752f47aa9e6c569a832e4	-900027084
